วันเวลา (dd/mm/yyyy HH:MM),แมว,กรง,น้ำหนักรวม(กก.),หมายเหตุ,โรงพยาบาล,ทำหมันแล้ว (ใช่/ไม่)
19/03/2019,นานะ,กรงนานะ,0.6,,โรงพยาบาลสัตว์ เกษตรนวมินทร์,ไม่
14/05/2019,นานะ,กรงนานะ,1.8,,โรงพยาบาลสัตว์ เกษตรนวมินทร์,ไม่
28/05/2019,นานะ,กรงนานะ,2,,โรงพยาบาลสัตว์ เกษตรนวมินทร์,ไม่
01/06/2019,นานะ,กรงนานะ,2.2,,โรงพยาบาลสัตว์ เกษตรนวมินทร์,ไม่
11/06/2019,นานะ,กรงนานะ,2.4,,โรงพยาบาลสัตว์ เกษตรนวมินทร์,ไม่
26/06/2019,นานะ,กรงนานะ,2.8,,โรงพยาบาลสัตว์ เกษตรนวมินทร์,ไม่
17/07/2019,นานะ,กรงนานะ,3.2,,โรงพยาบาลสัตว์ เกษตรนวมินทร์,ไม่
08/08/2019,นานะ,กรงนานะ,4,,โรงพยาบาลสัตว์ เกษตรนวมินทร์,ไม่
26/08/2019,นานะ,กรงนานะ,4.4,,โรงพยาบาลสัตว์ เกษตรนวมินทร์,ไม่
04/09/2019,นานะ,กรงนานะ,4.7,,โรงพยาบาลสัตว์ เกษตรนวมินทร์,ไม่
04/12/2019,นานะ,กรงนานะ,5.9,,โรงพยาบาลสัตว์ เกษตรนวมินทร์,ไม่
06/01/2020,นานะ,กรงนานะ,5.9,,โรงพยาบาลสัตว์ เกษตรนวมินทร์,ไม่
10/01/2020,นานะ,กรงนานะ,6,,โรงพยาบาลสัตว์ เกษตรนวมินทร์,ใช่
13/01/2020,นานะ,กรงนานะ,6,,โรงพยาบาลสัตว์ เกษตรนวมินทร์,ใช่
20/01/2020,นานะ,กรงนานะ,6.1,,โรงพยาบาลสัตว์ เกษตรนวมินทร์,ใช่
02/03/2020,นานะ,กรงนานะ,6.5,,โรงพยาบาลสัตว์ เกษตรนวมินทร์,ใช่
08/06/2020,นานะ,กรงนานะ,7.2,,โรงพยาบาลสัตว์ เกษตรนวมินทร์,ใช่
22/06/2020,นานะ,กรงนานะ,7.2,,โรงพยาบาลสัตว์ เกษตรนวมินทร์,ใช่
07/06/2021,นานะ,กรงนานะ,7.2,,โรงพยาบาลสัตว์ เกษตรนวมินทร์,ใช่
22/06/2021,นานะ,กรงนานะ,7.4,,โรงพยาบาลสัตว์ เกษตรนวมินทร์,ใช่
25/12/2021,นานะ,กรงนานะ,7.4,,โรงพยาบาลสัตว์ เกษตรนวมินทร์,ใช่
22/01/2022,นานะ,กรงนานะ,7.3,,โรงพยาบาลสัตว์ เกษตรนวมินทร์,ใช่
25/01/2022,นานะ,กรงนานะ,7.1,,โรงพยาบาลสัตว์ เกษตรนวมินทร์,ใช่
29/01/2022,นานะ,กรงนานะ,7.2,,โรงพยาบาลสัตว์ เกษตรนวมินทร์,ใช่
07/06/2022,นานะ,กรงนานะ,7.5,,โรงพยาบาลสัตว์ เกษตรนวมินทร์,ใช่
01/07/2022,นานะ,กรงนานะ,7.5,,โรงพยาบาลสัตว์ เกษตรนวมินทร์,ใช่
20/12/2022,นานะ,กรงนานะ,8,,โรงพยาบาลสัตว์ เกษตรนวมินทร์,ใช่
27/12/2022,นานะ,กรงนานะ,7.3,,โรงพยาบาลสัตว์ เกษตรนวมินทร์,ใช่
20/04/2023,นานะ,กรงนานะ,8.2,,โรงพยาบาลสัตว์ เกษตรนวมินทร์,ใช่
08/06/2023,นานะ,กรงนานะ,8.1,,โรงพยาบาลสัตว์ เกษตรนวมินทร์,ใช่
20/12/2023,นานะ,กรงนานะ,8.4,,โรงพยาบาลสัตว์ เกษตรนวมินทร์,ใช่
20/01/2024,นานะ,กรงนานะ,8.4,,โรงพยาบาลสัตว์ เกษตรนวมินทร์,ใช่
22/02/2024,นานะ,กรงนานะ,8.4,,โรงพยาบาลสัตว์ เกษตรนวมินทร์,ใช่
22/03/2024,นานะ,กรงนานะ,8.4,,โรงพยาบาลสัตว์ เกษตรนวมินทร์,ใช่
20/04/2024,นานะ,กรงนานะ,8.4,,โรงพยาบาลสัตว์ เกษตรนวมินทร์,ใช่
08/06/2024,นานะ,กรงนานะ,8.4,,โรงพยาบาลสัตว์ เกษตรนวมินทร์,ใช่
10/03/2025,นานะ,กรงนานะ,8.7,,โรงพยาบาลสัตว์ เกษตรนวมินทร์,ใช่
24/06/2021,ฮะจิ,กรงนานะ,1.8,,โรงพยาบาลสัตว์ เกษตรนวมินทร์,ไม่
25/06/2021,ฮะจิ,กรงนานะ,1.8,,โรงพยาบาลสัตว์ เกษตรนวมินทร์,ไม่
01/07/2021,ฮะจิ,กรงนานะ,2,,โรงพยาบาลสัตว์ เกษตรนวมินทร์,ไม่
15/07/2021,ฮะจิ,กรงนานะ,2.5,,โรงพยาบาลสัตว์ เกษตรนวมินทร์,ไม่
22/07/2021,ฮะจิ,กรงนานะ,2.6,,โรงพยาบาลสัตว์ เกษตรนวมินทร์,ไม่
12/08/2021,ฮะจิ,กรงนานะ,3.3,,โรงพยาบาลสัตว์ เกษตรนวมินทร์,ไม่
14/08/2021,ฮะจิ,กรงนานะ,3.3,,โรงพยาบาลสัตว์ เกษตรนวมินทร์,ไม่
19/08/2021,ฮะจิ,กรงนานะ,3.3,,โรงพยาบาลสัตว์ เกษตรนวมินทร์,ไม่
05/11/2021,ฮะจิ,กรงนานะ,4.4,,โรงพยาบาลสัตว์ เกษตรนวมินทร์,ไม่
12/11/2021,ฮะจิ,กรงนานะ,4.4,,โรงพยาบาลสัตว์ เกษตรนวมินทร์,ไม่
13/12/2021,ฮะจิ,กรงนานะ,4.8,,โรงพยาบาลสัตว์ เกษตรนวมินทร์,ไม่
18/12/2021,ฮะจิ,กรงนานะ,4.8,,โรงพยาบาลสัตว์ เกษตรนวมินทร์,ไม่
25/12/2021,ฮะจิ,กรงนานะ,4.8,,โรงพยาบาลสัตว์ เกษตรนวมินทร์,ไม่
04/01/2022,ฮะจิ,กรงนานะ,4.8,,โรงพยาบาลสัตว์ เกษตรนวมินทร์,ไม่
08/01/2022,ฮะจิ,กรงนานะ,4.9,,โรงพยาบาลสัตว์ เกษตรนวมินทร์,ไม่
15/01/2022,ฮะจิ,กรงนานะ,4.9,,โรงพยาบาลสัตว์ เกษตรนวมินทร์,ไม่
29/01/2022,ฮะจิ,กรงนานะ,4.8,,โรงพยาบาลสัตว์ เกษตรนวมินทร์,ไม่
27/03/2022,ฮะจิ,กรงนานะ,5,,โรงพยาบาลสัตว์ เกษตรนวมินทร์,ไม่
08/04/2022,ฮะจิ,กรงนานะ,5.4,,โรงพยาบาลสัตว์ เกษตรนวมินทร์,ไม่
29/04/2022,ฮะจิ,กรงนานะ,5.9,,โรงพยาบาลสัตว์ เกษตรนวมินทร์,ไม่
01/05/2022,ฮะจิ,กรงนานะ,5.7,,โรงพยาบาลสัตว์ เกษตรนวมินทร์,ใช่
04/05/2022,ฮะจิ,กรงนานะ,5.7,,โรงพยาบาลสัตว์ เกษตรนวมินทร์,ใช่
08/05/2022,ฮะจิ,กรงนานะ,5.7,,โรงพยาบาลสัตว์ เกษตรนวมินทร์,ใช่
03/08/2022,ฮะจิ,กรงนานะ,5.6,,โรงพยาบาลสัตว์ เกษตรนวมินทร์,ใช่
20/12/2022,ฮะจิ,กรงนานะ,5.6,,โรงพยาบาลสัตว์ เกษตรนวมินทร์,ใช่
27/12/2022,ฮะจิ,กรงนานะ,4.8,,โรงพยาบาลสัตว์ เกษตรนวมินทร์,ใช่
20/04/2023,ฮะจิ,กรงนานะ,5.5,,โรงพยาบาลสัตว์ เกษตรนวมินทร์,ใช่
20/12/2023,ฮะจิ,กรงนานะ,5.4,,โรงพยาบาลสัตว์ เกษตรนวมินทร์,ใช่
20/01/2024,ฮะจิ,กรงนานะ,5.4,,โรงพยาบาลสัตว์ เกษตรนวมินทร์,ใช่
22/02/2024,ฮะจิ,กรงนานะ,5.4,,โรงพยาบาลสัตว์ เกษตรนวมินทร์,ใช่
22/03/2024,ฮะจิ,กรงนานะ,5.4,,โรงพยาบาลสัตว์ เกษตรนวมินทร์,ใช่
20/04/2024,ฮะจิ,กรงนานะ,5.4,,โรงพยาบาลสัตว์ เกษตรนวมินทร์,ใช่
23/12/2024,ฮะจิ,กรงนานะ,5.3,,โรงพยาบาลสัตว์ เกษตรนวมินทร์,ใช่
21/06/2025,ฮะจิ,กรงนานะ,5.4,,โรงพยาบาลสัตว์ เกษตรนวมินทร์,ใช่
20/07/2025,ฮะจิ,กรงนานะ,5.7,,โรงพยาบาลสัตว์ เกษตรนวมินทร์,ใช่
26/12/2025,ฮะจิ,กรงนานะ,6.3,,โรงพยาบาลสัตว์ เกษตรนวมินทร์,ใช่
13/03/2026,ฮะจิ,กรงนานะ,6.3,,โรงพยาบาลสัตว์ เกษตรนวมินทร์,ใช่
29/04/2026,ฮะจิ,กรงนานะ,6.3,,โรงพยาบาลสัตว์ เกษตรนวมินทร์,ใช่
20/06/2026,ฮะจิ,กรงนานะ,6.3,,โรงพยาบาลสัตว์ เกษตรนวมินทร์,ใช่
20/07/2026,ฮะจิ,กรงนานะ,6.3,,โรงพยาบาลสัตว์ เกษตรนวมินทร์,ใช่
24/08/2026,ฮะจิ,กรงนานะ,6.3,,โรงพยาบาลสัตว์ เกษตรนวมินทร์,ใช่
05/09/2026,ฮะจิ,กรงนานะ,6.6,,โรงพยาบาลสัตว์ เกษตรนวมินทร์,ใช่
10/09/2026,ฮะจิ,กรงนานะ,6.6,,โรงพยาบาลสัตว์ เกษตรนวมินทร์,ใช่
12/09/2026,ฮะจิ,กรงนานะ,6.6,,โรงพยาบาลสัตว์ เกษตรนวมินทร์,ใช่
19/09/2026,ฮะจิ,กรงนานะ,6.7,,โรงพยาบาลสัตว์ เกษตรนวมินทร์,ใช่
05/05/2025,ฮานะ,กรงสกาย,0.7,,โรงพยาบาลสัตว์ เกษตรนวมินทร์,ไม่
12/05/2025,ฮานะ,กรงสกาย,0.9,,โรงพยาบาลสัตว์ เกษตรนวมินทร์,ไม่
17/05/2025,ฮานะ,กรงสกาย,1,,โรงพยาบาลสัตว์ เกษตรนวมินทร์,ไม่
25/05/2025,ฮานะ,กรงสกาย,1,,โรงพยาบาลสัตว์ เกษตรนวมินทร์,ไม่
09/06/2025,ฮานะ,กรงสกาย,1.5,,โรงพยาบาลสัตว์ เกษตรนวมินทร์,ไม่
07/07/2025,ฮานะ,กรงสกาย,2,,โรงพยาบาลสัตว์ เกษตรนวมินทร์,ไม่
07/11/2025,ฮานะ,กรงสกาย,2.7,,โรงพยาบาลสัตว์ เกษตรนวมินทร์,ไม่
13/03/2026,ฮานะ,กรงสกาย,3.3,,โรงพยาบาลสัตว์ เกษตรนวมินทร์,ไม่
20/06/2026,ฮานะ,กรงสกาย,3.2,,โรงพยาบาลสัตว์ เกษตรนวมินทร์,ไม่
07/07/2026,ฮานะ,กรงสกาย,3.2,,โรงพยาบาลสัตว์ เกษตรนวมินทร์,ไม่
20/07/2026,ฮานะ,กรงสกาย,3.1,,โรงพยาบาลสัตว์ เกษตรนวมินทร์,ไม่
10/08/2026,ฮานะ,กรงสกาย,3.1,,โรงพยาบาลสัตว์ เกษตรนวมินทร์,ไม่
24/08/2026,ฮานะ,กรงสกาย,3.1,,โรงพยาบาลสัตว์ เกษตรนวมินทร์,ไม่
31/08/2026,ฮานะ,กรงสกาย,3.2,,โรงพยาบาลสัตว์ เกษตรนวมินทร์,ใช่
03/09/2026,ฮานะ,กรงสกาย,3.2,,โรงพยาบาลสัตว์ เกษตรนวมินทร์,ใช่
05/09/2026,ฮานะ,กรงสกาย,3.2,,โรงพยาบาลสัตว์ เกษตรนวมินทร์,ใช่
10/09/2026,ฮานะ,กรงสกาย,3.2,,โรงพยาบาลสัตว์ เกษตรนวมินทร์,ใช่
